{"trial_id": "07", "hyperparameters": {"space": [{"class_name": "Int", "config": {"name": "units1", "default": null, "conditions": [], "min_value": 32, "max_value": 128, "step": 32, "sampling": "linear"}}, {"class_name": "Int", "config": {"name": "units2", "default": null, "conditions": [], "min_value": 16, "max_value": 64, "step": 16, "sampling": "linear"}}, {"class_name": "Choice", "config": {"name": "learning_rate", "default": 0.001, "conditions": [], "values": [0.001, 0.01, 0.1], "ordered": true}}], "values": {"units1": 128, "units2": 48, "learning_rate": 0.01}}, "metrics": {"metrics": {"accuracy": {"direction": "max", "observations": [{"value": [0.9928443431854248], "step": 4}]}, "loss": {"direction": "min", "observations": [{"value": [0.033508818596601486], "step": 4}]}, "val_accuracy": {"direction": "max", "observations": [{"value": [0.9547619223594666], "step": 4}]}, "val_loss": {"direction": "min", "observations": [{"value": [0.1603415310382843], "step": 4}]}}}, "score": 0.9547619223594666, "best_step": 4, "status": "COMPLETED", "message": null}