{"trial_id": "01", "hyperparameters": {"space": [{"class_name": "Int", "config": {"name": "units1", "default": null, "conditions": [], "min_value": 32, "max_value": 128, "step": 32, "sampling": "linear"}}, {"class_name": "Int", "config": {"name": "units2", "default": null, "conditions": [], "min_value": 16, "max_value": 64, "step": 16, "sampling": "linear"}}, {"class_name": "Choice", "config": {"name": "learning_rate", "default": 0.001, "conditions": [], "values": [0.001, 0.01, 0.1], "ordered": true}}], "values": {"units1": 96, "units2": 64, "learning_rate": 0.001}}, "metrics": {"metrics": {"accuracy": {"direction": "max", "observations": [{"value": [0.9749552607536316], "step": 6}]}, "loss": {"direction": "min", "observations": [{"value": [0.09482362866401672], "step": 6}]}, "val_accuracy": {"direction": "max", "observations": [{"value": [0.9452381134033203], "step": 6}]}, "val_loss": {"direction": "min", "observations": [{"value": [0.14962182939052582], "step": 6}]}}}, "score": 0.9452381134033203, "best_step": 6, "status": "COMPLETED", "message": null}