{"trial_id": "03", "hyperparameters": {"space": [{"class_name": "Int", "config": {"name": "units1", "default": null, "conditions": [], "min_value": 32, "max_value": 128, "step": 32, "sampling": "linear"}}, {"class_name": "Int", "config": {"name": "units2", "default": null, "conditions": [], "min_value": 16, "max_value": 64, "step": 16, "sampling": "linear"}}, {"class_name": "Choice", "config": {"name": "learning_rate", "default": 0.001, "conditions": [], "values": [0.001, 0.01, 0.1], "ordered": true}}], "values": {"units1": 64, "units2": 32, "learning_rate": 0.001}}, "metrics": {"metrics": {"accuracy": {"direction": "max", "observations": [{"value": [0.9725700616836548], "step": 9}]}, "loss": {"direction": "min", "observations": [{"value": [0.0818287581205368], "step": 9}]}, "val_accuracy": {"direction": "max", "observations": [{"value": [0.9357143044471741], "step": 9}]}, "val_loss": {"direction": "min", "observations": [{"value": [0.15953803062438965], "step": 9}]}}}, "score": 0.9357143044471741, "best_step": 9, "status": "COMPLETED", "message": null}