{"trial_id": "06", "hyperparameters": {"space": [{"class_name": "Int", "config": {"name": "units1", "default": null, "conditions": [], "min_value": 32, "max_value": 128, "step": 32, "sampling": "linear"}}, {"class_name": "Int", "config": {"name": "units2", "default": null, "conditions": [], "min_value": 16, "max_value": 64, "step": 16, "sampling": "linear"}}, {"class_name": "Choice", "config": {"name": "learning_rate", "default": 0.001, "conditions": [], "values": [0.001, 0.01, 0.1], "ordered": true}}], "values": {"units1": 128, "units2": 16, "learning_rate": 0.1}}, "metrics": {"metrics": {"accuracy": {"direction": "max", "observations": [{"value": [0.8616577386856079], "step": 1}]}, "loss": {"direction": "min", "observations": [{"value": [0.43042972683906555], "step": 1}]}, "val_accuracy": {"direction": "max", "observations": [{"value": [0.8595238327980042], "step": 1}]}, "val_loss": {"direction": "min", "observations": [{"value": [0.3857591450214386], "step": 1}]}}}, "score": 0.8595238327980042, "best_step": 1, "status": "COMPLETED", "message": null}