{"trial_id": "09", "hyperparameters": {"space": [{"class_name": "Int", "config": {"name": "units1", "default": null, "conditions": [], "min_value": 32, "max_value": 128, "step": 32, "sampling": "linear"}}, {"class_name": "Int", "config": {"name": "units2", "default": null, "conditions": [], "min_value": 16, "max_value": 64, "step": 16, "sampling": "linear"}}, {"class_name": "Choice", "config": {"name": "learning_rate", "default": 0.001, "conditions": [], "values": [0.001, 0.01, 0.1], "ordered": true}}], "values": {"units1": 32, "units2": 48, "learning_rate": 0.01}}, "metrics": {"metrics": {"accuracy": {"direction": "max", "observations": [{"value": [0.9958258867263794], "step": 9}]}, "loss": {"direction": "min", "observations": [{"value": [0.0153872175142169], "step": 9}]}, "val_accuracy": {"direction": "max", "observations": [{"value": [0.961904764175415], "step": 9}]}, "val_loss": {"direction": "min", "observations": [{"value": [0.17620643973350525], "step": 9}]}}}, "score": 0.961904764175415, "best_step": 9, "status": "COMPLETED", "message": null}