{"trial_id": "02", "hyperparameters": {"space": [{"class_name": "Int", "config": {"name": "units1", "default": null, "conditions": [], "min_value": 32, "max_value": 128, "step": 32, "sampling": "linear"}}, {"class_name": "Int", "config": {"name": "units2", "default": null, "conditions": [], "min_value": 16, "max_value": 64, "step": 16, "sampling": "linear"}}, {"class_name": "Choice", "config": {"name": "learning_rate", "default": 0.001, "conditions": [], "values": [0.001, 0.01, 0.1], "ordered": true}}], "values": {"units1": 32, "units2": 32, "learning_rate": 0.01}}, "metrics": {"metrics": {"accuracy": {"direction": "max", "observations": [{"value": [0.989266574382782], "step": 9}]}, "loss": {"direction": "min", "observations": [{"value": [0.03604954481124878], "step": 9}]}, "val_accuracy": {"direction": "max", "observations": [{"value": [0.9571428298950195], "step": 9}]}, "val_loss": {"direction": "min", "observations": [{"value": [0.12844209372997284], "step": 9}]}}}, "score": 0.9571428298950195, "best_step": 9, "status": "COMPLETED", "message": null}