{"trial_id": "05", "hyperparameters": {"space": [{"class_name": "Int", "config": {"name": "units1", "default": null, "conditions": [], "min_value": 32, "max_value": 128, "step": 32, "sampling": "linear"}}, {"class_name": "Int", "config": {"name": "units2", "default": null, "conditions": [], "min_value": 16, "max_value": 64, "step": 16, "sampling": "linear"}}, {"class_name": "Choice", "config": {"name": "learning_rate", "default": 0.001, "conditions": [], "values": [0.001, 0.01, 0.1], "ordered": true}}], "values": {"units1": 96, "units2": 16, "learning_rate": 0.1}}, "metrics": {"metrics": {"accuracy": {"direction": "max", "observations": [{"value": [0.9260584115982056], "step": 3}]}, "loss": {"direction": "min", "observations": [{"value": [0.2823573350906372], "step": 3}]}, "val_accuracy": {"direction": "max", "observations": [{"value": [0.9214285612106323], "step": 3}]}, "val_loss": {"direction": "min", "observations": [{"value": [0.24248211085796356], "step": 3}]}}}, "score": 0.9214285612106323, "best_step": 3, "status": "COMPLETED", "message": null}