{"trial_id": "04", "hyperparameters": {"space": [{"class_name": "Int", "config": {"name": "units1", "default": null, "conditions": [], "min_value": 32, "max_value": 128, "step": 32, "sampling": "linear"}}, {"class_name": "Int", "config": {"name": "units2", "default": null, "conditions": [], "min_value": 16, "max_value": 64, "step": 16, "sampling": "linear"}}, {"class_name": "Choice", "config": {"name": "learning_rate", "default": 0.001, "conditions": [], "values": [0.001, 0.01, 0.1], "ordered": true}}], "values": {"units1": 32, "units2": 64, "learning_rate": 0.01}}, "metrics": {"metrics": {"accuracy": {"direction": "max", "observations": [{"value": [0.9958258867263794], "step": 8}]}, "loss": {"direction": "min", "observations": [{"value": [0.016464799642562866], "step": 8}]}, "val_accuracy": {"direction": "max", "observations": [{"value": [0.973809540271759], "step": 8}]}, "val_loss": {"direction": "min", "observations": [{"value": [0.15534552931785583], "step": 8}]}}}, "score": 0.973809540271759, "best_step": 8, "status": "COMPLETED", "message": null}