{"trial_id": "08", "hyperparameters": {"space": [{"class_name": "Int", "config": {"name": "units1", "default": null, "conditions": [], "min_value": 32, "max_value": 128, "step": 32, "sampling": "linear"}}, {"class_name": "Int", "config": {"name": "units2", "default": null, "conditions": [], "min_value": 16, "max_value": 64, "step": 16, "sampling": "linear"}}, {"class_name": "Choice", "config": {"name": "learning_rate", "default": 0.001, "conditions": [], "values": [0.001, 0.01, 0.1], "ordered": true}}], "values": {"units1": 96, "units2": 48, "learning_rate": 0.001}}, "metrics": {"metrics": {"accuracy": {"direction": "max", "observations": [{"value": [0.980918288230896], "step": 8}]}, "loss": {"direction": "min", "observations": [{"value": [0.0769130289554596], "step": 8}]}, "val_accuracy": {"direction": "max", "observations": [{"value": [0.9404761791229248], "step": 8}]}, "val_loss": {"direction": "min", "observations": [{"value": [0.1485033631324768], "step": 8}]}}}, "score": 0.9404761791229248, "best_step": 8, "status": "COMPLETED", "message": null}